{"errors": [{"code": 3, "level": "warn", "message": "Syntax error at line semgrep-report.json:1:\n missing element", "path": "semgrep-report.json", "type": "Syntax error"}], "interfile_languages_used": [], "paths": {"scanned": [".dockerignore", ".gitignore", ".gitlab-ci.yml", ".idea/artifacts/dvja_war.xml", ".idea/artifacts/dvja_war_exploded.xml", ".idea/compiler.xml", ".idea/encodings.xml", ".idea/sqldialects.xml", ".idea/vcs.xml", "Dockerfile", "LICENSE", "README.md", "db/schema.sql", "docker-compose.yml", "docs/.gitignore", "docs/README.md", "docs/SUMMARY.md", "docs/assessment/a1-injection.md", "docs/assessment/a3-cross-site-scripting.md", "docs/assessment/a4-insecure-direct-object-reference.md", "docs/assets/cmdi.png", "docs/assets/intellij_hw.png", "docs/assets/mysql_wb.png", "docs/assets/sqli.png", "docs/assets/struts2_hw.png", "docs/development/application-bootstrap.md", "docs/development/crud-on-model.md", "docs/development/database-development.md", "docs/development/spring-framework-primer.md", "docs/development/struts2-framework-primer.md", "docs/solution/a1-injection.md", "docs/solution/a10-unvalidated-redirects-and-forwards.md", "docs/solution/a2-broken-authentication-and-session-management.md", "docs/solution/a3-cross-site-scripting.md", "docs/solution/a4-insecure-direct-object-reference.md", "docs/solution/a5-security-misconfiguration.md", "docs/solution/a6-sensitive-data-exposure.md", "docs/solution/a7-missing-function-level-access-control.md", "docs/solution/a8-cross-site-request-forgery.md", "docs/solution/a9-using-components-with-known-vulnerability.md", "pom.xml", "scripts/start.sh", "semgrep-report.json", "src/main/java/com/appsecco/dvja/Constant.java", "src/main/java/com/appsecco/dvja/controllers/ApiAction.java", "src/main/java/com/appsecco/dvja/controllers/BaseController.java", "src/main/java/com/appsecco/dvja/controllers/Home.java", "src/main/java/com/appsecco/dvja/controllers/Login.java", "src/main/java/com/appsecco/dvja/controllers/PingAction.java", "src/main/java/com/appsecco/dvja/controllers/ProductAction.java", "src/main/java/com/appsecco/dvja/controllers/RedirectAction.java", "src/main/java/com/appsecco/dvja/controllers/Register.java", "src/main/java/com/appsecco/dvja/controllers/ResetPassword.java", "src/main/java/com/appsecco/dvja/controllers/UserAction.java", "src/main/java/com/appsecco/dvja/interceptors/AuthenticationInterceptor.java", "src/main/java/com/appsecco/dvja/models/Product.java", "src/main/java/com/appsecco/dvja/models/User.java", "src/main/java/com/appsecco/dvja/services/ProductService.java", "src/main/java/com/appsecco/dvja/services/UserAuthenticationService.java", "src/main/java/com/appsecco/dvja/services/UserRegistrationService.java", "src/main/java/com/appsecco/dvja/services/UserService.java", "src/main/java/com/appsecco/example/ExampleSupport.java", "src/main/java/com/appsecco/example/HelloWorld.java", "src/main/java/com/appsecco/example/Login.java", "src/main/resources/META-INF/persistence.xml", "src/main/resources/com/appsecco/example/Login-validation.xml", "src/main/resources/com/appsecco/example/package.properties", "src/main/resources/com/appsecco/example/package_es.properties", "src/main/resources/example.xml", "src/main/resources/log4j2.xml", "src/main/resources/struts.xml", "src/main/webapp/WEB-INF/applicationContext.xml", "src/main/webapp/WEB-INF/config.properties", "src/main/webapp/WEB-INF/dvja/AssessmentHome.jsp", "src/main/webapp/WEB-INF/dvja/Home.jsp", "src/main/webapp/WEB-INF/dvja/Login.jsp", "src/main/webapp/WEB-INF/dvja/Ping.jsp", "src/main/webapp/WEB-INF/dvja/ProductEdit.jsp", "src/main/webapp/WEB-INF/dvja/ProductList.jsp", "src/main/webapp/WEB-INF/dvja/Registration.jsp", "src/main/webapp/WEB-INF/dvja/RegistrationSuccess.jsp", "src/main/webapp/WEB-INF/dvja/ResetPasswordInput.jsp", "src/main/webapp/WEB-INF/dvja/ResetPasswordStart.jsp", "src/main/webapp/WEB-INF/dvja/ResetPasswordSuccess.jsp", "src/main/webapp/WEB-INF/dvja/UserEdit.jsp", "src/main/webapp/WEB-INF/dvja/UserSearch.jsp", "src/main/webapp/WEB-INF/dvja/a10_redirect/description.jsp", "src/main/webapp/WEB-INF/dvja/a10_redirect/reference.jsp", "src/main/webapp/WEB-INF/dvja/a10_redirect/scenario.jsp", "src/main/webapp/WEB-INF/dvja/a10_redirect.jsp", "src/main/webapp/WEB-INF/dvja/a1_injection/description.jsp", "src/main/webapp/WEB-INF/dvja/a1_injection/reference.jsp", "src/main/webapp/WEB-INF/dvja/a1_injection/scenario.jsp", "src/main/webapp/WEB-INF/dvja/a1_injection.jsp", "src/main/webapp/WEB-INF/dvja/a2_broken_auth/description.jsp", "src/main/webapp/WEB-INF/dvja/a2_broken_auth/reference.jsp", "src/main/webapp/WEB-INF/dvja/a2_broken_auth/scenario.jsp", "src/main/webapp/WEB-INF/dvja/a2_broken_auth.jsp", "src/main/webapp/WEB-INF/dvja/a3_xss/description.jsp", "src/main/webapp/WEB-INF/dvja/a3_xss/reference.jsp", "src/main/webapp/WEB-INF/dvja/a3_xss/scenario.jsp", "src/main/webapp/WEB-INF/dvja/a3_xss.jsp", "src/main/webapp/WEB-INF/dvja/a4_idor/description.jsp", "src/main/webapp/WEB-INF/dvja/a4_idor/reference.jsp", "src/main/webapp/WEB-INF/dvja/a4_idor/scenario.jsp", "src/main/webapp/WEB-INF/dvja/a4_idor.jsp", "src/main/webapp/WEB-INF/dvja/a5_sec_misconf/description.jsp", "src/main/webapp/WEB-INF/dvja/a5_sec_misconf/reference.jsp", "src/main/webapp/WEB-INF/dvja/a5_sec_misconf/scenario.jsp", "src/main/webapp/WEB-INF/dvja/a5_sec_misconf.jsp", "src/main/webapp/WEB-INF/dvja/a6_sensitive_data/description.jsp", "src/main/webapp/WEB-INF/dvja/a6_sensitive_data/reference.jsp", "src/main/webapp/WEB-INF/dvja/a6_sensitive_data/scenario.jsp", "src/main/webapp/WEB-INF/dvja/a6_sensitive_data.jsp", "src/main/webapp/WEB-INF/dvja/a7_missing_access_control/description.jsp", "src/main/webapp/WEB-INF/dvja/a7_missing_access_control/reference.jsp", "src/main/webapp/WEB-INF/dvja/a7_missing_access_control/scenario.jsp", "src/main/webapp/WEB-INF/dvja/a7_missing_access_control.jsp", "src/main/webapp/WEB-INF/dvja/a8_csrf/description.jsp", "src/main/webapp/WEB-INF/dvja/a8_csrf/reference.jsp", "src/main/webapp/WEB-INF/dvja/a8_csrf/scenario.jsp", "src/main/webapp/WEB-INF/dvja/a8_csrf.jsp", "src/main/webapp/WEB-INF/dvja/a9_vuln_component/description.jsp", "src/main/webapp/WEB-INF/dvja/a9_vuln_component/reference.jsp", "src/main/webapp/WEB-INF/dvja/a9_vuln_component/scenario.jsp", "src/main/webapp/WEB-INF/dvja/a9_vuln_component.jsp", "src/main/webapp/WEB-INF/dvja/common/Footer.jsp", "src/main/webapp/WEB-INF/dvja/common/Head.jsp", "src/main/webapp/WEB-INF/dvja/common/Menu.jsp", "src/main/webapp/WEB-INF/dvja/common/Navigation.jsp", "src/main/webapp/WEB-INF/example/HelloWorld.jsp", "src/main/webapp/WEB-INF/example/Login.jsp", "src/main/webapp/WEB-INF/example/Menu.jsp", "src/main/webapp/WEB-INF/example/Missing.jsp", "src/main/webapp/WEB-INF/example/Register.jsp", "src/main/webapp/WEB-INF/example/Welcome.jsp", "src/main/webapp/WEB-INF/web.xml", "src/main/webapp/assets/fa/css/font-awesome.css", "src/main/webapp/assets/fa/css/font-awesome.min.css", "src/main/webapp/assets/fa/fonts/FontAwesome.otf", "src/main/webapp/assets/fa/fonts/fontawesome-webfont.eot", "src/main/webapp/assets/fa/fonts/fontawesome-webfont.svg", "src/main/webapp/assets/fa/fonts/fontawesome-webfont.ttf", "src/main/webapp/assets/fa/fonts/fontawesome-webfont.woff", "src/main/webapp/assets/fa/fonts/fontawesome-webfont.woff2", "src/main/webapp/assets/fa/less/animated.less", "src/main/webapp/assets/fa/less/bordered-pulled.less", "src/main/webapp/assets/fa/less/core.less", "src/main/webapp/assets/fa/less/fixed-width.less", "src/main/webapp/assets/fa/less/font-awesome.less", "src/main/webapp/assets/fa/less/icons.less", "src/main/webapp/assets/fa/less/larger.less", "src/main/webapp/assets/fa/less/list.less", "src/main/webapp/assets/fa/less/mixins.less", "src/main/webapp/assets/fa/less/path.less", "src/main/webapp/assets/fa/less/rotated-flipped.less", "src/main/webapp/assets/fa/less/screen-reader.less", "src/main/webapp/assets/fa/less/stacked.less", "src/main/webapp/assets/fa/less/variables.less", "src/main/webapp/assets/fa/scss/_animated.scss", "src/main/webapp/assets/fa/scss/_bordered-pulled.scss", "src/main/webapp/assets/fa/scss/_core.scss", "src/main/webapp/assets/fa/scss/_fixed-width.scss", "src/main/webapp/assets/fa/scss/_icons.scss", "src/main/webapp/assets/fa/scss/_larger.scss", "src/main/webapp/assets/fa/scss/_list.scss", "src/main/webapp/assets/fa/scss/_mixins.scss", "src/main/webapp/assets/fa/scss/_path.scss", "src/main/webapp/assets/fa/scss/_rotated-flipped.scss", "src/main/webapp/assets/fa/scss/_screen-reader.scss", "src/main/webapp/assets/fa/scss/_stacked.scss", "src/main/webapp/assets/fa/scss/_variables.scss", "src/main/webapp/assets/fa/scss/font-awesome.scss", "src/main/webapp/index.html"]}, "results": [{"check_id": "yaml.docker-compose.security.no-new-privileges.no-new-privileges", "end": {"col": 8, "line": 3, "offset": 30}, "extra": {"engine_kind": "OSS", "fingerprint": "e4b2e8983de1b26ab9960862efcc4108f35f7577e613e4fdf4d581134d0be4937fdb9d931d5f6084f25112b04f47c2ff40e5fa9ba300f73303b3b462a9c99a83_0", "is_ignored": false, "lines": "  mysql:", "message": "Service 'mysql' allows for privilege escalation via setuid or setgid binaries. Add 'no-new-privileges:true' in 'security_opt' to prevent this.", "metadata": {"category": "security", "confidence": "LOW", "cwe": ["CWE-732: Incorrect Permission Assignment for Critical Resource"], "cwe2021-top25": true, "impact": "HIGH", "license": "Semgrep Rules License v1.0. For more details, visit semgrep.dev/legal/rules-license", "likelihood": "LOW", "owasp": ["A05:2021 - Security Misconfiguration", "A06:2017 - Security Misconfiguration"], "references": ["https://raesene.github.io/blog/2019/06/01/docker-capabilities-and-no-new-privs/", "https://www.kernel.org/doc/Documentation/prctl/no_new_privs.txt", "https://cheatsheetseries.owasp.org/cheatsheets/Docker_Security_Cheat_Sheet.html#rule-4-add-no-new-privileges-flag"], "semgrep.dev": {"rule": {"origin": "community", "r_id": 10054, "rule_id": "qNUoWr", "rv_id": 947034, "url": "https://semgrep.dev/playground/r/o5TZz4P/yaml.docker-compose.security.no-new-privileges.no-new-privileges", "version_id": "o5TZz4P"}}, "shortlink": "https://sg.run/0n8q", "source": "https://semgrep.dev/r/yaml.docker-compose.security.no-new-privileges.no-new-privileges", "subcategory": ["audit"], "technology": ["docker-compose"], "vulnerability_class": ["Improper Authorization"]}, "metavars": {"$SERVICE": {"abstract_content": "mysql", "end": {"col": 8, "line": 3, "offset": 30}, "start": {"col": 3, "line": 3, "offset": 25}}}, "severity": "WARNING", "validation_state": "NO_VALIDATOR"}, "path": "docker-compose.yml", "start": {"col": 3, "line": 3, "offset": 25}}, {"check_id": "yaml.docker-compose.security.writable-filesystem-service.writable-filesystem-service", "end": {"col": 8, "line": 3, "offset": 30}, "extra": {"engine_kind": "OSS", "fingerprint": "8025635fc16f05435a68cd2e09b55ea17bd86b6b8ea2d1062a88d371a8feb25425adbd0374b32ad76dd08324baf5585093f946d8669403d4834e777e75a1cca8_0", "is_ignored": false, "lines": "  mysql:", "message": "Service 'mysql' is running with a writable root filesystem. This may allow malicious applications to download and run additional payloads, or modify container files. If an application inside a container has to save something temporarily consider using a tmpfs. Add 'read_only: true' to this service to prevent this.", "metadata": {"category": "security", "confidence": "LOW", "cwe": ["CWE-732: Incorrect Permission Assignment for Critical Resource"], "cwe2021-top25": true, "impact": "HIGH", "license": "Semgrep Rules License v1.0. For more details, visit semgrep.dev/legal/rules-license", "likelihood": "LOW", "owasp": ["A05:2021 - Security Misconfiguration", "A06:2017 - Security Misconfiguration"], "references": ["https://docs.docker.com/compose/compose-file/compose-file-v3/#domainname-hostname-ipc-mac_address-privileged-read_only-shm_size-stdin_open-tty-user-working_dir", "https://blog.atomist.com/security-of-docker-kubernetes/", "https://cheatsheetseries.owasp.org/cheatsheets/Docker_Security_Cheat_Sheet.html#rule-8-set-filesystem-and-volumes-to-read-only"], "semgrep.dev": {"rule": {"origin": "community", "r_id": 10132, "rule_id": "v8U5vN", "rv_id": 947038, "url": "https://semgrep.dev/playground/r/X0TLZd0/yaml.docker-compose.security.writable-filesystem-service.writable-filesystem-service", "version_id": "X0TLZd0"}}, "shortlink": "https://sg.run/e4JE", "source": "https://semgrep.dev/r/yaml.docker-compose.security.writable-filesystem-service.writable-filesystem-service", "subcategory": ["audit"], "technology": ["docker-compose"], "vulnerability_class": ["Improper Authorization"]}, "metavars": {"$SERVICE": {"abstract_content": "mysql", "end": {"col": 8, "line": 3, "offset": 30}, "start": {"col": 3, "line": 3, "offset": 25}}}, "severity": "WARNING", "validation_state": "NO_VALIDATOR"}, "path": "docker-compose.yml", "start": {"col": 3, "line": 3, "offset": 25}}, {"check_id": "java.lang.security.audit.formatted-sql-string.formatted-sql-string", "end": {"col": 110, "line": 48, "offset": 1492}, "extra": {"dataflow_trace": {"intermediate_vars": [], "taint_sink": ["CliLoc", [{"end": {"col": 110, "line": 48, "offset": 1492}, "path": "src/main/java/com/appsecco/dvja/services/ProductService.java", "start": {"col": 23, "line": 48, "offset": 1405}}, "entityManager.createQuery(\"SELECT p FROM Product p WHERE p.name LIKE '%\" + name + \"%'\")"]], "taint_source": ["CliLoc", [{"end": {"col": 102, "line": 48, "offset": 1484}, "path": "src/main/java/com/appsecco/dvja/services/ProductService.java", "start": {"col": 98, "line": 48, "offset": 1480}}, "name"]]}, "engine_kind": "OSS", "fingerprint": "8003a8878d772198e877db7b3a03e2147b758db2ac817da59895acfe4d7fd551220df39203aa3522590ef2f7cd4b04e208b9bb0c5e7c3f50b7406af3609fbbe2_0", "is_ignored": false, "lines": "        Query query = entityManager.createQuery(\"SELECT p FROM Product p WHERE p.name LIKE '%\" + name + \"%'\");", "message": "Detected a formatted string in a SQL statement. This could lead to SQL injection if variables in the SQL statement are not properly sanitized. Use a prepared statements (java.sql.PreparedStatement) instead. You can obtain a PreparedStatement using 'connection.prepareStatement'.", "metadata": {"asvs": {"control_id": "5.3.5 Injection", "control_url": "https://github.com/OWASP/ASVS/blob/master/4.0/en/0x13-V5-Validation-Sanitization-Encoding.md#v53-output-encoding-and-injection-prevention-requirements", "section": "V5: Validation, Sanitization and Encoding Verification Requirements", "version": "4"}, "category": "security", "confidence": "MEDIUM", "cwe": ["CWE-89: Improper Neutralization of Special Elements used in an SQL Command ('SQL Injection')"], "cwe2021-top25": true, "cwe2022-top25": true, "impact": "MEDIUM", "license": "Semgrep Rules License v1.0. For more details, visit semgrep.dev/legal/rules-license", "likelihood": "HIGH", "owasp": ["A01:2017 - Injection", "A03:2021 - Injection"], "references": ["https://cheatsheetseries.owasp.org/cheatsheets/SQL_Injection_Prevention_Cheat_Sheet.html", "https://docs.oracle.com/javase/tutorial/jdbc/basics/prepared.html#create_ps", "https://software-security.sans.org/developer-how-to/fix-sql-injection-in-java-using-prepared-callable-statement"], "semgrep.dev": {"rule": {"origin": "community", "r_id": 9175, "rule_id": "QrUzxR", "rv_id": 945679, "url": "https://semgrep.dev/playground/r/pZTNOQE/java.lang.security.audit.formatted-sql-string.formatted-sql-string", "version_id": "pZTNOQE"}}, "shortlink": "https://sg.run/OPXp", "source": "https://semgrep.dev/r/java.lang.security.audit.formatted-sql-string.formatted-sql-string", "source-rule-url": "https://find-sec-bugs.github.io/bugs.htm#SQL_INJECTION", "subcategory": ["vuln"], "technology": ["java"], "vulnerability_class": ["SQL Injection"]}, "metavars": {"$ANNOT": {"abstract_content": "List<Product>", "end": {"col": 25, "line": 47, "offset": 1348}, "start": {"col": 12, "line": 47, "offset": 1335}}, "$EM": {"abstract_content": "entityManager", "end": {"col": 36, "line": 48, "offset": 1418}, "start": {"col": 23, "line": 48, "offset": 1405}}, "$FUNC": {"abstract_content": "findContainingName", "end": {"col": 44, "line": 47, "offset": 1367}, "start": {"col": 26, "line": 47, "offset": 1349}}, "$SQLFUNC": {"abstract_content": "createQuery", "end": {"col": 48, "line": 48, "offset": 1430}, "start": {"col": 37, "line": 48, "offset": 1419}}}, "severity": "ERROR", "validation_state": "NO_VALIDATOR"}, "path": "src/main/java/com/appsecco/dvja/services/ProductService.java", "start": {"col": 23, "line": 48, "offset": 1405}}, {"check_id": "java.lang.security.audit.formatted-sql-string.formatted-sql-string", "end": {"col": 104, "line": 75, "offset": 2254}, "extra": {"dataflow_trace": {"intermediate_vars": [], "taint_sink": ["CliLoc", [{"end": {"col": 104, "line": 75, "offset": 2254}, "path": "src/main/java/com/appsecco/dvja/services/UserService.java", "start": {"col": 23, "line": 75, "offset": 2173}}, "entityManager.createQuery(\"SELECT u FROM User u WHERE u.login = '\" + login + \"'\")"]], "taint_source": ["CliLoc", [{"end": {"col": 97, "line": 75, "offset": 2247}, "path": "src/main/java/com/appsecco/dvja/services/UserService.java", "start": {"col": 92, "line": 75, "offset": 2242}}, "login"]]}, "engine_kind": "OSS", "fingerprint": "8db8c180ba6c7e051918085bef756a071263fc9fd31f0edafe2d069772aa325df67ca0f3b33415e300841001e347d5e6f238b9c7a2ef0b983d1d723ac76c870d_0", "is_ignored": false, "lines": "        Query query = entityManager.createQuery(\"SELECT u FROM User u WHERE u.login = '\" + login + \"'\");", "message": "Detected a formatted string in a SQL statement. This could lead to SQL injection if variables in the SQL statement are not properly sanitized. Use a prepared statements (java.sql.PreparedStatement) instead. You can obtain a PreparedStatement using 'connection.prepareStatement'.", "metadata": {"asvs": {"control_id": "5.3.5 Injection", "control_url": "https://github.com/OWASP/ASVS/blob/master/4.0/en/0x13-V5-Validation-Sanitization-Encoding.md#v53-output-encoding-and-injection-prevention-requirements", "section": "V5: Validation, Sanitization and Encoding Verification Requirements", "version": "4"}, "category": "security", "confidence": "MEDIUM", "cwe": ["CWE-89: Improper Neutralization of Special Elements used in an SQL Command ('SQL Injection')"], "cwe2021-top25": true, "cwe2022-top25": true, "impact": "MEDIUM", "license": "Semgrep Rules License v1.0. For more details, visit semgrep.dev/legal/rules-license", "likelihood": "HIGH", "owasp": ["A01:2017 - Injection", "A03:2021 - Injection"], "references": ["https://cheatsheetseries.owasp.org/cheatsheets/SQL_Injection_Prevention_Cheat_Sheet.html", "https://docs.oracle.com/javase/tutorial/jdbc/basics/prepared.html#create_ps", "https://software-security.sans.org/developer-how-to/fix-sql-injection-in-java-using-prepared-callable-statement"], "semgrep.dev": {"rule": {"origin": "community", "r_id": 9175, "rule_id": "QrUzxR", "rv_id": 945679, "url": "https://semgrep.dev/playground/r/pZTNOQE/java.lang.security.audit.formatted-sql-string.formatted-sql-string", "version_id": "pZTNOQE"}}, "shortlink": "https://sg.run/OPXp", "source": "https://semgrep.dev/r/java.lang.security.audit.formatted-sql-string.formatted-sql-string", "source-rule-url": "https://find-sec-bugs.github.io/bugs.htm#SQL_INJECTION", "subcategory": ["vuln"], "technology": ["java"], "vulnerability_class": ["SQL Injection"]}, "metavars": {"$EM": {"abstract_content": "entityManager", "end": {"col": 36, "line": 75, "offset": 2186}, "start": {"col": 23, "line": 75, "offset": 2173}}, "$FUNC": {"abstract_content": "findByLoginUnsafe", "end": {"col": 34, "line": 74, "offset": 2134}, "start": {"col": 17, "line": 74, "offset": 2117}}, "$SQLFUNC": {"abstract_content": "createQuery", "end": {"col": 48, "line": 75, "offset": 2198}, "start": {"col": 37, "line": 75, "offset": 2187}}}, "severity": "ERROR", "validation_state": "NO_VALIDATOR"}, "path": "src/main/java/com/appsecco/dvja/services/UserService.java", "start": {"col": 23, "line": 75, "offset": 2173}}], "skipped_rules": [], "version": "1.56.0"}
